Consecutive Days,Number of IDs
90,984
91,983
92,983
93,981
94,981
95,981
96,981
97,980
98,979
99,978
100,978
101,977
102,976
103,975
104,975
105,974
106,974
107,974
108,974
109,973
110,973
111,973
112,973
113,973
114,973
115,973
116,972
117,972
118,972
119,972
120,972
121,972
122,972
123,972
124,972
125,971
126,967
127,967
128,967
129,965
130,965
131,965
132,963
133,962
134,962
135,961
136,961
137,961
138,959
139,957
140,957
141,957
142,955
143,954
144,954
145,952
146,952
147,951
148,951
149,951
150,951
151,951
152,951
153,949
154,949
155,949
156,947
157,947
158,945
159,945
160,944
161,942
162,942
163,941
164,937
165,935
166,932
167,931
168,930
169,930
170,929
171,928
172,926
173,924
174,924
175,923
176,923
177,923
178,921
179,920
180,920
181,919
182,915
183,913
184,912
185,909
186,909
187,907
188,906
189,905
190,904
191,903
192,902
193,902
194,902
195,902
196,901
197,901
198,901
199,900
200,900
201,897
202,897
203,897
204,896
205,896
206,896
207,896
208,894
209,894
210,891
211,891
212,891
213,891
214,888
215,888
216,888
217,886
218,886
219,885
220,885
221,883
222,881
223,879
224,879
225,879
226,877
227,874
228,874
229,874
230,873
231,872
232,872
233,870
234,869
235,867
236,864
237,862
238,862
239,861
240,859
241,857
242,857
243,857
244,853
245,853
246,851
247,849
248,849
249,843
250,842
251,842
252,842
253,842
254,842
255,842
256,841
257,841
258,841
259,840
260,837
261,836
262,836
263,833
264,833
265,832
266,832
267,831
268,830
269,830
270,830
271,828
272,826
273,824
274,823
275,819
276,817
277,817
278,817
279,817
280,815
281,814
282,813
283,812
284,810
285,809
286,808
287,805
288,802
289,801
290,799
291,798
292,795
293,794
294,793
295,790
296,790
297,789
298,788
299,787
300,784
301,784
302,784
303,782
304,781
305,779
306,775
307,775
308,770
309,769
310,767
311,767
312,764
313,762
314,760
315,756
316,755
317,754
318,754
319,753
320,749
321,745
322,744
323,742
324,739
325,738
326,735
327,734
328,733
329,730
330,727
331,725
332,723
333,723
334,722
335,722
336,722
337,720
338,720
339,717
340,715
341,714
342,714
343,711
344,708
345,706
346,703
347,699
348,696
349,693
350,692
351,691
352,685
353,684
354,682
355,681
356,679
357,678
358,677
359,676
360,675
361,675
362,675
363,672
364,670
365,666
366,665
367,665
368,665
369,665
370,664
371,619
372,615
373,613
374,612
375,609
376,609
377,609
378,609
379,608
380,608
381,603
382,603
383,602
384,602
385,600
386,600
387,598
388,596
389,596
390,596
391,595
392,591
393,589
394,588
395,587
396,585
397,584
398,580
399,580
400,579
401,575
402,572
403,570
404,569
405,567
406,564
407,561
408,560
409,558
410,557
411,556
412,554
413,551
414,548
415,547
416,547
417,546
418,544
419,544
420,543
421,543
422,542
423,541
424,540
425,540
426,540
427,538
428,534
429,531
430,531
431,531
432,530
433,529
434,526
435,523
436,519
437,517
438,517
439,517
440,516
441,513
442,511
443,509
444,509
445,507
446,507
447,507
448,507
449,506
450,502
451,500
452,500
453,500
454,497
455,497
456,494
457,491
458,491
459,491
460,490
461,483
462,483
463,483
464,479
465,478
466,476
467,476
468,476
469,475
470,473
471,471
472,468
473,467
474,467
475,466
476,464
477,463
478,461
479,460
480,459
481,458
482,457
483,453
484,452
485,452
486,450
487,449
488,447
489,447
490,442
491,430
492,428
493,424
494,424
495,424
496,423
497,421
498,421
499,421
500,420
501,420
502,420
503,418
504,418
505,417
506,416
507,414
508,412
509,402
510,400
511,400
512,400
513,399
514,395
515,395
516,393
517,392
518,391
519,391
520,391
521,390
522,390
523,389
524,388
525,388
526,387
527,371
528,371
529,371
530,370
531,368
532,368
533,365
534,365
535,365
536,0
